{
  "swipe": {
    "usd": 2.42
  },
  "filecoin": {
    "usd": 37.36
  },
  "usd-coin": {
    "usd": 1.01
  },
  "litecoin": {
    "usd": 184.68
  },
  "polkadot": {
    "usd": 34.87
  },
  "ethereum": {
    "usd": 1655.53
  },
  "tether": {
    "usd": 1.01
  },
  "bitcoin": {
    "usd": 50714
  },
  "dai": {
    "usd": 1
  },
  "binance-usd": {
    "usd": 1.01
  },
  "chainlink": {
    "usd": 28.57
  },
  "binancecoin": {
    "usd": 263.81
  },
  "ripple": {
    "usd": 0.481174
  },
  "cardano": {
    "usd": 1.07
  },
  "bitcoin-cash": {
    "usd": 539.78
  },
  "binance-eth": {
    "usd": 1615.23
  },
  "venus": {
    "usd": 71.69
  },
  "vai": {
    "usd": 0.944862
  }
}